{"count":1,"self":1622.6758656,"total":4546.1218631,"children":{"InitializeActuators":{"count":9,"self":0.0019946,"total":0.0019946,"children":null},"InitializeSensors":{"count":9,"self":0.0029649,"total":0.0029649,"children":null},"AgentSendState":{"count":1111617,"self":33.5982688,"total":808.5771317,"children":{"CollectObservations":{"count":1000458,"self":6.6060512,"total":6.6060510999999993,"children":null},"CollectDiscreteActionMasks":{"count":1000458,"self":2.9269909999999997,"total":2.9269909999999997,"children":null},"RequestDecision":{"count":1000458,"self":15.151656,"total":765.44582189999994,"children":{"AgentInfo.ToProto":{"count":1000458,"self":9.3288256,"total":750.2941654,"children":{"GenerateSensorData":{"count":1000458,"self":24.45128,"total":740.96533949999991,"children":{"RayPerceptionSensor.Perceive":{"count":1000458,"self":716.514048,"total":716.5140592,"children":null}}}}}}}}},"DecideAction":{"count":1111617,"self":2016.4911103999998,"total":2016.4910163,"children":null},"AgentAct":{"count":1111617,"self":85.2658624,"total":97.9639442,"children":{"AgentInfo.ToProto":{"count":16900,"self":0.256388,"total":12.6980837,"children":{"GenerateSensorData":{"count":16900,"self":0.5344626,"total":12.441695699999999,"children":{"RayPerceptionSensor.Perceive":{"count":16900,"self":11.9072328,"total":11.9072331,"children":null}}}}}}},"AgentInfo.ToProto":{"count":538,"self":0.0079791999999999988,"total":0.40797269999999997,"children":{"GenerateSensorData":{"count":538,"self":0.013960499999999999,"total":0.3999935,"children":{"RayPerceptionSensor.Perceive":{"count":538,"self":0.38603299999999996,"total":0.38603299999999996,"children":null}}}}}},"gauges":{"RollerBallLife.CumulativeReward":{"count":17438,"max":50,"min":-30,"runningAverage":-5.4444356,"value":10,"weightedAverage":0.981083632}},"metadata":{"timer_format_version":"0.1.0","start_time_seconds":"1614293562","unity_version":"2019.4.5f1","command_line_arguments":"D:\\UnityLaunchers\\2019.4.5f1\\Editor\\Unity.exe -projectpath D:\/Documentos\/Projetos Pessoais\/TCC\/RollerBall -useHub -hubIPC -cloudEnvironment production -hubSessionId 48e66320-77bb-11eb-927e-d72c03561c3e -accessToken tRSiaL0rJTCzITdPDpDOgff-iShbmbjLaGYVAn2CbvQ004f","communication_protocol_version":"1.2.0","com.unity.ml-agents_version":"1.5.0-preview","scene_name":"Reforge Scene","end_time_seconds":"1614298108"}}